text,label
Aaj ka din bohot acha tha yaar! id_0,positive
Mera Bhai tu toh kamal hai loved it id_1,positive
Dil khush ho gaya ye dekh kar! id_2,positive
Superb work team! keep rocking id_3,positive
Bahut badiya perform kiya tumne proud of you id_4,positive
Wow! Aaj ka weather awesome hai id_5,positive
"Your content is always top notch, big fan sir! id_6",positive
Party toh banti hai ab toh 🥳 id_7,positive
Mera result bohot sahi aaya hai feeling blessed id_8,positive
Maza aa gaya kya item hai id_9,positive
Aaj ka din bohot acha tha yaar! id_10,positive
Mera Bhai tu toh kamal hai loved it id_11,positive
Dil khush ho gaya ye dekh kar! id_12,positive
Superb work team! keep rocking id_13,positive
Bahut badiya perform kiya tumne proud of you id_14,positive
Wow! Aaj ka weather awesome hai id_15,positive
"Your content is always top notch, big fan sir! id_16",positive
Party toh banti hai ab toh 🥳 id_17,positive
Mera result bohot sahi aaya hai feeling blessed id_18,positive
Maza aa gaya kya item hai id_19,positive
Aaj ka din bohot acha tha yaar! id_20,positive
Mera Bhai tu toh kamal hai loved it id_21,positive
Dil khush ho gaya ye dekh kar! id_22,positive
Superb work team! keep rocking id_23,positive
Bahut badiya perform kiya tumne proud of you id_24,positive
Wow! Aaj ka weather awesome hai id_25,positive
"Your content is always top notch, big fan sir! id_26",positive
Party toh banti hai ab toh 🥳 id_27,positive
Mera result bohot sahi aaya hai feeling blessed id_28,positive
Maza aa gaya kya item hai id_29,positive
Aaj ka din bohot acha tha yaar! id_30,positive
Mera Bhai tu toh kamal hai loved it id_31,positive
Dil khush ho gaya ye dekh kar! id_32,positive
Superb work team! keep rocking id_33,positive
Bahut badiya perform kiya tumne proud of you id_34,positive
Wow! Aaj ka weather awesome hai id_35,positive
"Your content is always top notch, big fan sir! id_36",positive
Party toh banti hai ab toh 🥳 id_37,positive
Mera result bohot sahi aaya hai feeling blessed id_38,positive
Maza aa gaya kya item hai id_39,positive
Aaj ka din bohot acha tha yaar! id_40,positive
Mera Bhai tu toh kamal hai loved it id_41,positive
Dil khush ho gaya ye dekh kar! id_42,positive
Superb work team! keep rocking id_43,positive
Bahut badiya perform kiya tumne proud of you id_44,positive
Wow! Aaj ka weather awesome hai id_45,positive
"Your content is always top notch, big fan sir! id_46",positive
Party toh banti hai ab toh 🥳 id_47,positive
Mera result bohot sahi aaya hai feeling blessed id_48,positive
Maza aa gaya kya item hai id_49,positive
Aaj ka din bohot acha tha yaar! id_50,positive
Mera Bhai tu toh kamal hai loved it id_51,positive
Dil khush ho gaya ye dekh kar! id_52,positive
Superb work team! keep rocking id_53,positive
Bahut badiya perform kiya tumne proud of you id_54,positive
Wow! Aaj ka weather awesome hai id_55,positive
"Your content is always top notch, big fan sir! id_56",positive
Party toh banti hai ab toh 🥳 id_57,positive
Mera result bohot sahi aaya hai feeling blessed id_58,positive
Maza aa gaya kya item hai id_59,positive
Aaj ka din bohot acha tha yaar! id_60,positive
Mera Bhai tu toh kamal hai loved it id_61,positive
Dil khush ho gaya ye dekh kar! id_62,positive
Superb work team! keep rocking id_63,positive
Bahut badiya perform kiya tumne proud of you id_64,positive
Wow! Aaj ka weather awesome hai id_65,positive
"Your content is always top notch, big fan sir! id_66",positive
Party toh banti hai ab toh 🥳 id_67,positive
Mera result bohot sahi aaya hai feeling blessed id_68,positive
Maza aa gaya kya item hai id_69,positive
Aaj ka din bohot acha tha yaar! id_70,positive
Mera Bhai tu toh kamal hai loved it id_71,positive
Dil khush ho gaya ye dekh kar! id_72,positive
Superb work team! keep rocking id_73,positive
Bahut badiya perform kiya tumne proud of you id_74,positive
Wow! Aaj ka weather awesome hai id_75,positive
"Your content is always top notch, big fan sir! id_76",positive
Party toh banti hai ab toh 🥳 id_77,positive
Mera result bohot sahi aaya hai feeling blessed id_78,positive
Maza aa gaya kya item hai id_79,positive
Aaj ka din bohot acha tha yaar! id_80,positive
Mera Bhai tu toh kamal hai loved it id_81,positive
Dil khush ho gaya ye dekh kar! id_82,positive
Superb work team! keep rocking id_83,positive
Bahut badiya perform kiya tumne proud of you id_84,positive
Wow! Aaj ka weather awesome hai id_85,positive
"Your content is always top notch, big fan sir! id_86",positive
Party toh banti hai ab toh 🥳 id_87,positive
Mera result bohot sahi aaya hai feeling blessed id_88,positive
Maza aa gaya kya item hai id_89,positive
Aaj ka din bohot acha tha yaar! id_90,positive
Mera Bhai tu toh kamal hai loved it id_91,positive
Dil khush ho gaya ye dekh kar! id_92,positive
Superb work team! keep rocking id_93,positive
Bahut badiya perform kiya tumne proud of you id_94,positive
Wow! Aaj ka weather awesome hai id_95,positive
"Your content is always top notch, big fan sir! id_96",positive
Party toh banti hai ab toh 🥳 id_97,positive
Mera result bohot sahi aaya hai feeling blessed id_98,positive
Maza aa gaya kya item hai id_99,positive
Aaj ka din bohot acha tha yaar! id_100,positive
Mera Bhai tu toh kamal hai loved it id_101,positive
Dil khush ho gaya ye dekh kar! id_102,positive
Superb work team! keep rocking id_103,positive
Bahut badiya perform kiya tumne proud of you id_104,positive
Wow! Aaj ka weather awesome hai id_105,positive
"Your content is always top notch, big fan sir! id_106",positive
Party toh banti hai ab toh 🥳 id_107,positive
Mera result bohot sahi aaya hai feeling blessed id_108,positive
Maza aa gaya kya item hai id_109,positive
Aaj ka din bohot acha tha yaar! id_110,positive
Mera Bhai tu toh kamal hai loved it id_111,positive
Dil khush ho gaya ye dekh kar! id_112,positive
Superb work team! keep rocking id_113,positive
Bahut badiya perform kiya tumne proud of you id_114,positive
Wow! Aaj ka weather awesome hai id_115,positive
"Your content is always top notch, big fan sir! id_116",positive
Party toh banti hai ab toh 🥳 id_117,positive
Mera result bohot sahi aaya hai feeling blessed id_118,positive
Maza aa gaya kya item hai id_119,positive
Aaj ka din bohot acha tha yaar! id_120,positive
Mera Bhai tu toh kamal hai loved it id_121,positive
Dil khush ho gaya ye dekh kar! id_122,positive
Superb work team! keep rocking id_123,positive
Bahut badiya perform kiya tumne proud of you id_124,positive
Wow! Aaj ka weather awesome hai id_125,positive
"Your content is always top notch, big fan sir! id_126",positive
Party toh banti hai ab toh 🥳 id_127,positive
Mera result bohot sahi aaya hai feeling blessed id_128,positive
Maza aa gaya kya item hai id_129,positive
Aaj ka din bohot acha tha yaar! id_130,positive
Mera Bhai tu toh kamal hai loved it id_131,positive
Dil khush ho gaya ye dekh kar! id_132,positive
Superb work team! keep rocking id_133,positive
Bahut badiya perform kiya tumne proud of you id_134,positive
Wow! Aaj ka weather awesome hai id_135,positive
"Your content is always top notch, big fan sir! id_136",positive
Party toh banti hai ab toh 🥳 id_137,positive
Mera result bohot sahi aaya hai feeling blessed id_138,positive
Maza aa gaya kya item hai id_139,positive
Aaj ka din bohot acha tha yaar! id_140,positive
Mera Bhai tu toh kamal hai loved it id_141,positive
Dil khush ho gaya ye dekh kar! id_142,positive
Superb work team! keep rocking id_143,positive
Bahut badiya perform kiya tumne proud of you id_144,positive
Wow! Aaj ka weather awesome hai id_145,positive
"Your content is always top notch, big fan sir! id_146",positive
Party toh banti hai ab toh 🥳 id_147,positive
Mera result bohot sahi aaya hai feeling blessed id_148,positive
Maza aa gaya kya item hai id_149,positive
Aaj ka din bohot acha tha yaar! id_150,positive
Mera Bhai tu toh kamal hai loved it id_151,positive
Dil khush ho gaya ye dekh kar! id_152,positive
Superb work team! keep rocking id_153,positive
Bahut badiya perform kiya tumne proud of you id_154,positive
Wow! Aaj ka weather awesome hai id_155,positive
"Your content is always top notch, big fan sir! id_156",positive
Party toh banti hai ab toh 🥳 id_157,positive
Mera result bohot sahi aaya hai feeling blessed id_158,positive
Maza aa gaya kya item hai id_159,positive
Aaj ka din bohot acha tha yaar! id_160,positive
Mera Bhai tu toh kamal hai loved it id_161,positive
Dil khush ho gaya ye dekh kar! id_162,positive
Superb work team! keep rocking id_163,positive
Bahut badiya perform kiya tumne proud of you id_164,positive
Wow! Aaj ka weather awesome hai id_165,positive
"Your content is always top notch, big fan sir! id_166",positive
Party toh banti hai ab toh 🥳 id_167,positive
Mera result bohot sahi aaya hai feeling blessed id_168,positive
Maza aa gaya kya item hai id_169,positive
Aaj ka din bohot acha tha yaar! id_170,positive
Mera Bhai tu toh kamal hai loved it id_171,positive
Dil khush ho gaya ye dekh kar! id_172,positive
Superb work team! keep rocking id_173,positive
Bahut badiya perform kiya tumne proud of you id_174,positive
Wow! Aaj ka weather awesome hai id_175,positive
"Your content is always top notch, big fan sir! id_176",positive
Party toh banti hai ab toh 🥳 id_177,positive
Mera result bohot sahi aaya hai feeling blessed id_178,positive
Maza aa gaya kya item hai id_179,positive
Aaj ka din bohot acha tha yaar! id_180,positive
Mera Bhai tu toh kamal hai loved it id_181,positive
Dil khush ho gaya ye dekh kar! id_182,positive
Superb work team! keep rocking id_183,positive
Bahut badiya perform kiya tumne proud of you id_184,positive
Wow! Aaj ka weather awesome hai id_185,positive
"Your content is always top notch, big fan sir! id_186",positive
Party toh banti hai ab toh 🥳 id_187,positive
Mera result bohot sahi aaya hai feeling blessed id_188,positive
Maza aa gaya kya item hai id_189,positive
Aaj ka din bohot acha tha yaar! id_190,positive
Mera Bhai tu toh kamal hai loved it id_191,positive
Dil khush ho gaya ye dekh kar! id_192,positive
Superb work team! keep rocking id_193,positive
Bahut badiya perform kiya tumne proud of you id_194,positive
Wow! Aaj ka weather awesome hai id_195,positive
"Your content is always top notch, big fan sir! id_196",positive
Party toh banti hai ab toh 🥳 id_197,positive
Mera result bohot sahi aaya hai feeling blessed id_198,positive
Maza aa gaya kya item hai id_199,positive
Aaj ka din bohot acha tha yaar! id_200,positive
Mera Bhai tu toh kamal hai loved it id_201,positive
Dil khush ho gaya ye dekh kar! id_202,positive
Superb work team! keep rocking id_203,positive
Bahut badiya perform kiya tumne proud of you id_204,positive
Wow! Aaj ka weather awesome hai id_205,positive
"Your content is always top notch, big fan sir! id_206",positive
Party toh banti hai ab toh 🥳 id_207,positive
Mera result bohot sahi aaya hai feeling blessed id_208,positive
Maza aa gaya kya item hai id_209,positive
Aaj ka din bohot acha tha yaar! id_210,positive
Mera Bhai tu toh kamal hai loved it id_211,positive
Dil khush ho gaya ye dekh kar! id_212,positive
Superb work team! keep rocking id_213,positive
Bahut badiya perform kiya tumne proud of you id_214,positive
Wow! Aaj ka weather awesome hai id_215,positive
"Your content is always top notch, big fan sir! id_216",positive
Party toh banti hai ab toh 🥳 id_217,positive
Mera result bohot sahi aaya hai feeling blessed id_218,positive
Maza aa gaya kya item hai id_219,positive
Aaj ka din bohot acha tha yaar! id_220,positive
Mera Bhai tu toh kamal hai loved it id_221,positive
Dil khush ho gaya ye dekh kar! id_222,positive
Superb work team! keep rocking id_223,positive
Bahut badiya perform kiya tumne proud of you id_224,positive
Wow! Aaj ka weather awesome hai id_225,positive
"Your content is always top notch, big fan sir! id_226",positive
Party toh banti hai ab toh 🥳 id_227,positive
Mera result bohot sahi aaya hai feeling blessed id_228,positive
Maza aa gaya kya item hai id_229,positive
Aaj ka din bohot acha tha yaar! id_230,positive
Mera Bhai tu toh kamal hai loved it id_231,positive
Dil khush ho gaya ye dekh kar! id_232,positive
Superb work team! keep rocking id_233,positive
Bahut badiya perform kiya tumne proud of you id_234,positive
Wow! Aaj ka weather awesome hai id_235,positive
"Your content is always top notch, big fan sir! id_236",positive
Party toh banti hai ab toh 🥳 id_237,positive
Mera result bohot sahi aaya hai feeling blessed id_238,positive
Maza aa gaya kya item hai id_239,positive
Aaj ka din bohot acha tha yaar! id_240,positive
Mera Bhai tu toh kamal hai loved it id_241,positive
Dil khush ho gaya ye dekh kar! id_242,positive
Superb work team! keep rocking id_243,positive
Bahut badiya perform kiya tumne proud of you id_244,positive
Wow! Aaj ka weather awesome hai id_245,positive
"Your content is always top notch, big fan sir! id_246",positive
Party toh banti hai ab toh 🥳 id_247,positive
Mera result bohot sahi aaya hai feeling blessed id_248,positive
Maza aa gaya kya item hai id_249,positive
Aaj ka din bohot acha tha yaar! id_250,positive
Mera Bhai tu toh kamal hai loved it id_251,positive
Dil khush ho gaya ye dekh kar! id_252,positive
Superb work team! keep rocking id_253,positive
Bahut badiya perform kiya tumne proud of you id_254,positive
Wow! Aaj ka weather awesome hai id_255,positive
"Your content is always top notch, big fan sir! id_256",positive
Party toh banti hai ab toh 🥳 id_257,positive
Mera result bohot sahi aaya hai feeling blessed id_258,positive
Maza aa gaya kya item hai id_259,positive
Aaj ka din bohot acha tha yaar! id_260,positive
Mera Bhai tu toh kamal hai loved it id_261,positive
Dil khush ho gaya ye dekh kar! id_262,positive
Superb work team! keep rocking id_263,positive
Bahut badiya perform kiya tumne proud of you id_264,positive
Wow! Aaj ka weather awesome hai id_265,positive
"Your content is always top notch, big fan sir! id_266",positive
Party toh banti hai ab toh 🥳 id_267,positive
Mera result bohot sahi aaya hai feeling blessed id_268,positive
Maza aa gaya kya item hai id_269,positive
Aaj ka din bohot acha tha yaar! id_270,positive
Mera Bhai tu toh kamal hai loved it id_271,positive
Dil khush ho gaya ye dekh kar! id_272,positive
Superb work team! keep rocking id_273,positive
Bahut badiya perform kiya tumne proud of you id_274,positive
Wow! Aaj ka weather awesome hai id_275,positive
"Your content is always top notch, big fan sir! id_276",positive
Party toh banti hai ab toh 🥳 id_277,positive
Mera result bohot sahi aaya hai feeling blessed id_278,positive
Maza aa gaya kya item hai id_279,positive
Aaj ka din bohot acha tha yaar! id_280,positive
Mera Bhai tu toh kamal hai loved it id_281,positive
Dil khush ho gaya ye dekh kar! id_282,positive
Superb work team! keep rocking id_283,positive
Bahut badiya perform kiya tumne proud of you id_284,positive
Wow! Aaj ka weather awesome hai id_285,positive
"Your content is always top notch, big fan sir! id_286",positive
Party toh banti hai ab toh 🥳 id_287,positive
Mera result bohot sahi aaya hai feeling blessed id_288,positive
Maza aa gaya kya item hai id_289,positive
Aaj ka din bohot acha tha yaar! id_290,positive
Mera Bhai tu toh kamal hai loved it id_291,positive
Dil khush ho gaya ye dekh kar! id_292,positive
Superb work team! keep rocking id_293,positive
Bahut badiya perform kiya tumne proud of you id_294,positive
Wow! Aaj ka weather awesome hai id_295,positive
"Your content is always top notch, big fan sir! id_296",positive
Party toh banti hai ab toh 🥳 id_297,positive
Mera result bohot sahi aaya hai feeling blessed id_298,positive
Maza aa gaya kya item hai id_299,positive
Aaj ka din bohot acha tha yaar! id_300,positive
Mera Bhai tu toh kamal hai loved it id_301,positive
Dil khush ho gaya ye dekh kar! id_302,positive
Superb work team! keep rocking id_303,positive
Bahut badiya perform kiya tumne proud of you id_304,positive
Wow! Aaj ka weather awesome hai id_305,positive
"Your content is always top notch, big fan sir! id_306",positive
Party toh banti hai ab toh 🥳 id_307,positive
Mera result bohot sahi aaya hai feeling blessed id_308,positive
Maza aa gaya kya item hai id_309,positive
Aaj ka din bohot acha tha yaar! id_310,positive
Mera Bhai tu toh kamal hai loved it id_311,positive
Dil khush ho gaya ye dekh kar! id_312,positive
Superb work team! keep rocking id_313,positive
Bahut badiya perform kiya tumne proud of you id_314,positive
Wow! Aaj ka weather awesome hai id_315,positive
"Your content is always top notch, big fan sir! id_316",positive
Party toh banti hai ab toh 🥳 id_317,positive
Mera result bohot sahi aaya hai feeling blessed id_318,positive
Maza aa gaya kya item hai id_319,positive
Aaj ka din bohot acha tha yaar! id_320,positive
Mera Bhai tu toh kamal hai loved it id_321,positive
Dil khush ho gaya ye dekh kar! id_322,positive
Superb work team! keep rocking id_323,positive
Bahut badiya perform kiya tumne proud of you id_324,positive
Wow! Aaj ka weather awesome hai id_325,positive
"Your content is always top notch, big fan sir! id_326",positive
Party toh banti hai ab toh 🥳 id_327,positive
Mera result bohot sahi aaya hai feeling blessed id_328,positive
Maza aa gaya kya item hai id_329,positive
Aaj ka din bohot acha tha yaar! id_330,positive
Mera Bhai tu toh kamal hai loved it id_331,positive
Dil khush ho gaya ye dekh kar! id_332,positive
Superb work team! keep rocking id_333,positive
Bahut badiya perform kiya tumne proud of you id_334,positive
Wow! Aaj ka weather awesome hai id_335,positive
"Your content is always top notch, big fan sir! id_336",positive
Party toh banti hai ab toh 🥳 id_337,positive
Mera result bohot sahi aaya hai feeling blessed id_338,positive
Maza aa gaya kya item hai id_339,positive
Aaj ka din bohot acha tha yaar! id_340,positive
Mera Bhai tu toh kamal hai loved it id_341,positive
Dil khush ho gaya ye dekh kar! id_342,positive
Superb work team! keep rocking id_343,positive
Bahut badiya perform kiya tumne proud of you id_344,positive
Wow! Aaj ka weather awesome hai id_345,positive
"Your content is always top notch, big fan sir! id_346",positive
Party toh banti hai ab toh 🥳 id_347,positive
Mera result bohot sahi aaya hai feeling blessed id_348,positive
Maza aa gaya kya item hai id_349,positive
Aaj ka din bohot acha tha yaar! id_350,positive
Mera Bhai tu toh kamal hai loved it id_351,positive
Dil khush ho gaya ye dekh kar! id_352,positive
Superb work team! keep rocking id_353,positive
Bahut badiya perform kiya tumne proud of you id_354,positive
Wow! Aaj ka weather awesome hai id_355,positive
"Your content is always top notch, big fan sir! id_356",positive
Party toh banti hai ab toh 🥳 id_357,positive
Mera result bohot sahi aaya hai feeling blessed id_358,positive
Maza aa gaya kya item hai id_359,positive
Aaj ka din bohot acha tha yaar! id_360,positive
Mera Bhai tu toh kamal hai loved it id_361,positive
Dil khush ho gaya ye dekh kar! id_362,positive
Superb work team! keep rocking id_363,positive
Bahut badiya perform kiya tumne proud of you id_364,positive
Wow! Aaj ka weather awesome hai id_365,positive
"Your content is always top notch, big fan sir! id_366",positive
Party toh banti hai ab toh 🥳 id_367,positive
Mera result bohot sahi aaya hai feeling blessed id_368,positive
Maza aa gaya kya item hai id_369,positive
Aaj ka din bohot acha tha yaar! id_370,positive
Mera Bhai tu toh kamal hai loved it id_371,positive
Dil khush ho gaya ye dekh kar! id_372,positive
Superb work team! keep rocking id_373,positive
Bahut badiya perform kiya tumne proud of you id_374,positive
Wow! Aaj ka weather awesome hai id_375,positive
"Your content is always top notch, big fan sir! id_376",positive
Party toh banti hai ab toh 🥳 id_377,positive
Mera result bohot sahi aaya hai feeling blessed id_378,positive
Maza aa gaya kya item hai id_379,positive
Aaj ka din bohot acha tha yaar! id_380,positive
Mera Bhai tu toh kamal hai loved it id_381,positive
Dil khush ho gaya ye dekh kar! id_382,positive
Superb work team! keep rocking id_383,positive
Bahut badiya perform kiya tumne proud of you id_384,positive
Wow! Aaj ka weather awesome hai id_385,positive
"Your content is always top notch, big fan sir! id_386",positive
Party toh banti hai ab toh 🥳 id_387,positive
Mera result bohot sahi aaya hai feeling blessed id_388,positive
Maza aa gaya kya item hai id_389,positive
Aaj ka din bohot acha tha yaar! id_390,positive
Mera Bhai tu toh kamal hai loved it id_391,positive
Dil khush ho gaya ye dekh kar! id_392,positive
Superb work team! keep rocking id_393,positive
Bahut badiya perform kiya tumne proud of you id_394,positive
Wow! Aaj ka weather awesome hai id_395,positive
"Your content is always top notch, big fan sir! id_396",positive
Party toh banti hai ab toh 🥳 id_397,positive
Mera result bohot sahi aaya hai feeling blessed id_398,positive
Maza aa gaya kya item hai id_399,positive
Aaj ka din bohot acha tha yaar! id_400,positive
Mera Bhai tu toh kamal hai loved it id_401,positive
Dil khush ho gaya ye dekh kar! id_402,positive
Superb work team! keep rocking id_403,positive
Bahut badiya perform kiya tumne proud of you id_404,positive
Wow! Aaj ka weather awesome hai id_405,positive
"Your content is always top notch, big fan sir! id_406",positive
Party toh banti hai ab toh 🥳 id_407,positive
Mera result bohot sahi aaya hai feeling blessed id_408,positive
Maza aa gaya kya item hai id_409,positive
Aaj ka din bohot acha tha yaar! id_410,positive
Mera Bhai tu toh kamal hai loved it id_411,positive
Dil khush ho gaya ye dekh kar! id_412,positive
Superb work team! keep rocking id_413,positive
Bahut badiya perform kiya tumne proud of you id_414,positive
Wow! Aaj ka weather awesome hai id_415,positive
"Your content is always top notch, big fan sir! id_416",positive
Party toh banti hai ab toh 🥳 id_417,positive
Mera result bohot sahi aaya hai feeling blessed id_418,positive
Maza aa gaya kya item hai id_419,positive
Aaj ka din bohot acha tha yaar! id_420,positive
Mera Bhai tu toh kamal hai loved it id_421,positive
Dil khush ho gaya ye dekh kar! id_422,positive
Superb work team! keep rocking id_423,positive
Bahut badiya perform kiya tumne proud of you id_424,positive
Wow! Aaj ka weather awesome hai id_425,positive
"Your content is always top notch, big fan sir! id_426",positive
Party toh banti hai ab toh 🥳 id_427,positive
Mera result bohot sahi aaya hai feeling blessed id_428,positive
Maza aa gaya kya item hai id_429,positive
Aaj ka din bohot acha tha yaar! id_430,positive
Mera Bhai tu toh kamal hai loved it id_431,positive
Dil khush ho gaya ye dekh kar! id_432,positive
Superb work team! keep rocking id_433,positive
Bahut badiya perform kiya tumne proud of you id_434,positive
Wow! Aaj ka weather awesome hai id_435,positive
"Your content is always top notch, big fan sir! id_436",positive
Party toh banti hai ab toh 🥳 id_437,positive
Mera result bohot sahi aaya hai feeling blessed id_438,positive
Maza aa gaya kya item hai id_439,positive
Aaj ka din bohot acha tha yaar! id_440,positive
Mera Bhai tu toh kamal hai loved it id_441,positive
Dil khush ho gaya ye dekh kar! id_442,positive
Superb work team! keep rocking id_443,positive
Bahut badiya perform kiya tumne proud of you id_444,positive
Wow! Aaj ka weather awesome hai id_445,positive
"Your content is always top notch, big fan sir! id_446",positive
Party toh banti hai ab toh 🥳 id_447,positive
Mera result bohot sahi aaya hai feeling blessed id_448,positive
Maza aa gaya kya item hai id_449,positive
Aaj ka din bohot acha tha yaar! id_450,positive
Mera Bhai tu toh kamal hai loved it id_451,positive
Dil khush ho gaya ye dekh kar! id_452,positive
Superb work team! keep rocking id_453,positive
Bahut badiya perform kiya tumne proud of you id_454,positive
Wow! Aaj ka weather awesome hai id_455,positive
"Your content is always top notch, big fan sir! id_456",positive
Party toh banti hai ab toh 🥳 id_457,positive
Mera result bohot sahi aaya hai feeling blessed id_458,positive
Maza aa gaya kya item hai id_459,positive
Aaj ka din bohot acha tha yaar! id_460,positive
Mera Bhai tu toh kamal hai loved it id_461,positive
Dil khush ho gaya ye dekh kar! id_462,positive
Superb work team! keep rocking id_463,positive
Bahut badiya perform kiya tumne proud of you id_464,positive
Wow! Aaj ka weather awesome hai id_465,positive
"Your content is always top notch, big fan sir! id_466",positive
Party toh banti hai ab toh 🥳 id_467,positive
Mera result bohot sahi aaya hai feeling blessed id_468,positive
Maza aa gaya kya item hai id_469,positive
Aaj ka din bohot acha tha yaar! id_470,positive
Mera Bhai tu toh kamal hai loved it id_471,positive
Dil khush ho gaya ye dekh kar! id_472,positive
Superb work team! keep rocking id_473,positive
Bahut badiya perform kiya tumne proud of you id_474,positive
Wow! Aaj ka weather awesome hai id_475,positive
"Your content is always top notch, big fan sir! id_476",positive
Party toh banti hai ab toh 🥳 id_477,positive
Mera result bohot sahi aaya hai feeling blessed id_478,positive
Maza aa gaya kya item hai id_479,positive
Aaj ka din bohot acha tha yaar! id_480,positive
Mera Bhai tu toh kamal hai loved it id_481,positive
Dil khush ho gaya ye dekh kar! id_482,positive
Superb work team! keep rocking id_483,positive
Bahut badiya perform kiya tumne proud of you id_484,positive
Wow! Aaj ka weather awesome hai id_485,positive
"Your content is always top notch, big fan sir! id_486",positive
Party toh banti hai ab toh 🥳 id_487,positive
Mera result bohot sahi aaya hai feeling blessed id_488,positive
Maza aa gaya kya item hai id_489,positive
Aaj ka din bohot acha tha yaar! id_490,positive
Mera Bhai tu toh kamal hai loved it id_491,positive
Dil khush ho gaya ye dekh kar! id_492,positive
Superb work team! keep rocking id_493,positive
Bahut badiya perform kiya tumne proud of you id_494,positive
Wow! Aaj ka weather awesome hai id_495,positive
"Your content is always top notch, big fan sir! id_496",positive
Party toh banti hai ab toh 🥳 id_497,positive
Mera result bohot sahi aaya hai feeling blessed id_498,positive
Maza aa gaya kya item hai id_499,positive
Not good... 😒 id_0,negative
यह अच्छा नहीं है id_1,negative
lol 😂😂 that's bad id_2,negative
Bohot hi ganda experience tha maza nahi aaya id_3,negative
Bilkul bekar service hai waste of money id_4,negative
Mood kharab kar diya tumne bilkul achha nahi laga id_5,negative
Aisa behave nahi karna chahiye tha worst behavior id_6,negative
Server itna slow kyu chal raha hai dimag kharab ho gaya id_7,negative
Fraud company h paise loot liye mere id_8,negative
Khatarnak ganda taste tha breaks my heart truly id_9,negative
Not good... 😒 id_10,negative
यह अच्छा नहीं है id_11,negative
lol 😂😂 that's bad id_12,negative
Bohot hi ganda experience tha maza nahi aaya id_13,negative
Bilkul bekar service hai waste of money id_14,negative
Mood kharab kar diya tumne bilkul achha nahi laga id_15,negative
Aisa behave nahi karna chahiye tha worst behavior id_16,negative
Server itna slow kyu chal raha hai dimag kharab ho gaya id_17,negative
Fraud company h paise loot liye mere id_18,negative
Khatarnak ganda taste tha breaks my heart truly id_19,negative
Not good... 😒 id_20,negative
यह अच्छा नहीं है id_21,negative
lol 😂😂 that's bad id_22,negative
Bohot hi ganda experience tha maza nahi aaya id_23,negative
Bilkul bekar service hai waste of money id_24,negative
Mood kharab kar diya tumne bilkul achha nahi laga id_25,negative
Aisa behave nahi karna chahiye tha worst behavior id_26,negative
Server itna slow kyu chal raha hai dimag kharab ho gaya id_27,negative
Fraud company h paise loot liye mere id_28,negative
Khatarnak ganda taste tha breaks my heart truly id_29,negative
Not good... 😒 id_30,negative
यह अच्छा नहीं है id_31,negative
lol 😂😂 that's bad id_32,negative
Bohot hi ganda experience tha maza nahi aaya id_33,negative
Bilkul bekar service hai waste of money id_34,negative
Mood kharab kar diya tumne bilkul achha nahi laga id_35,negative
Aisa behave nahi karna chahiye tha worst behavior id_36,negative
Server itna slow kyu chal raha hai dimag kharab ho gaya id_37,negative
Fraud company h paise loot liye mere id_38,negative
Khatarnak ganda taste tha breaks my heart truly id_39,negative
Not good... 😒 id_40,negative
यह अच्छा नहीं है id_41,negative
lol 😂😂 that's bad id_42,negative
Bohot hi ganda experience tha maza nahi aaya id_43,negative
Bilkul bekar service hai waste of money id_44,negative
Mood kharab kar diya tumne bilkul achha nahi laga id_45,negative
Aisa behave nahi karna chahiye tha worst behavior id_46,negative
Server itna slow kyu chal raha hai dimag kharab ho gaya id_47,negative
Fraud company h paise loot liye mere id_48,negative
Khatarnak ganda taste tha breaks my heart truly id_49,negative
Not good... 😒 id_50,negative
यह अच्छा नहीं है id_51,negative
lol 😂😂 that's bad id_52,negative
Bohot hi ganda experience tha maza nahi aaya id_53,negative
Bilkul bekar service hai waste of money id_54,negative
Mood kharab kar diya tumne bilkul achha nahi laga id_55,negative
Aisa behave nahi karna chahiye tha worst behavior id_56,negative
Server itna slow kyu chal raha hai dimag kharab ho gaya id_57,negative
Fraud company h paise loot liye mere id_58,negative
Khatarnak ganda taste tha breaks my heart truly id_59,negative
Not good... 😒 id_60,negative
यह अच्छा नहीं है id_61,negative
lol 😂😂 that's bad id_62,negative
Bohot hi ganda experience tha maza nahi aaya id_63,negative
Bilkul bekar service hai waste of money id_64,negative
Mood kharab kar diya tumne bilkul achha nahi laga id_65,negative
Aisa behave nahi karna chahiye tha worst behavior id_66,negative
Server itna slow kyu chal raha hai dimag kharab ho gaya id_67,negative
Fraud company h paise loot liye mere id_68,negative
Khatarnak ganda taste tha breaks my heart truly id_69,negative
Not good... 😒 id_70,negative
यह अच्छा नहीं है id_71,negative
lol 😂😂 that's bad id_72,negative
Bohot hi ganda experience tha maza nahi aaya id_73,negative
Bilkul bekar service hai waste of money id_74,negative
Mood kharab kar diya tumne bilkul achha nahi laga id_75,negative
Aisa behave nahi karna chahiye tha worst behavior id_76,negative
Server itna slow kyu chal raha hai dimag kharab ho gaya id_77,negative
Fraud company h paise loot liye mere id_78,negative
Khatarnak ganda taste tha breaks my heart truly id_79,negative
Not good... 😒 id_80,negative
यह अच्छा नहीं है id_81,negative
lol 😂😂 that's bad id_82,negative
Bohot hi ganda experience tha maza nahi aaya id_83,negative
Bilkul bekar service hai waste of money id_84,negative
Mood kharab kar diya tumne bilkul achha nahi laga id_85,negative
Aisa behave nahi karna chahiye tha worst behavior id_86,negative
Server itna slow kyu chal raha hai dimag kharab ho gaya id_87,negative
Fraud company h paise loot liye mere id_88,negative
Khatarnak ganda taste tha breaks my heart truly id_89,negative
Not good... 😒 id_90,negative
यह अच्छा नहीं है id_91,negative
lol 😂😂 that's bad id_92,negative
Bohot hi ganda experience tha maza nahi aaya id_93,negative
Bilkul bekar service hai waste of money id_94,negative
Mood kharab kar diya tumne bilkul achha nahi laga id_95,negative
Aisa behave nahi karna chahiye tha worst behavior id_96,negative
Server itna slow kyu chal raha hai dimag kharab ho gaya id_97,negative
Fraud company h paise loot liye mere id_98,negative
Khatarnak ganda taste tha breaks my heart truly id_99,negative
Not good... 😒 id_100,negative
यह अच्छा नहीं है id_101,negative
lol 😂😂 that's bad id_102,negative
Bohot hi ganda experience tha maza nahi aaya id_103,negative
Bilkul bekar service hai waste of money id_104,negative
Mood kharab kar diya tumne bilkul achha nahi laga id_105,negative
Aisa behave nahi karna chahiye tha worst behavior id_106,negative
Server itna slow kyu chal raha hai dimag kharab ho gaya id_107,negative
Fraud company h paise loot liye mere id_108,negative
Khatarnak ganda taste tha breaks my heart truly id_109,negative
Not good... 😒 id_110,negative
यह अच्छा नहीं है id_111,negative
lol 😂😂 that's bad id_112,negative
Bohot hi ganda experience tha maza nahi aaya id_113,negative
Bilkul bekar service hai waste of money id_114,negative
Mood kharab kar diya tumne bilkul achha nahi laga id_115,negative
Aisa behave nahi karna chahiye tha worst behavior id_116,negative
Server itna slow kyu chal raha hai dimag kharab ho gaya id_117,negative
Fraud company h paise loot liye mere id_118,negative
Khatarnak ganda taste tha breaks my heart truly id_119,negative
Not good... 😒 id_120,negative
यह अच्छा नहीं है id_121,negative
lol 😂😂 that's bad id_122,negative
Bohot hi ganda experience tha maza nahi aaya id_123,negative
Bilkul bekar service hai waste of money id_124,negative
Mood kharab kar diya tumne bilkul achha nahi laga id_125,negative
Aisa behave nahi karna chahiye tha worst behavior id_126,negative
Server itna slow kyu chal raha hai dimag kharab ho gaya id_127,negative
Fraud company h paise loot liye mere id_128,negative
Khatarnak ganda taste tha breaks my heart truly id_129,negative
Not good... 😒 id_130,negative
यह अच्छा नहीं है id_131,negative
lol 😂😂 that's bad id_132,negative
Bohot hi ganda experience tha maza nahi aaya id_133,negative
Bilkul bekar service hai waste of money id_134,negative
Mood kharab kar diya tumne bilkul achha nahi laga id_135,negative
Aisa behave nahi karna chahiye tha worst behavior id_136,negative
Server itna slow kyu chal raha hai dimag kharab ho gaya id_137,negative
Fraud company h paise loot liye mere id_138,negative
Khatarnak ganda taste tha breaks my heart truly id_139,negative
Not good... 😒 id_140,negative
यह अच्छा नहीं है id_141,negative
lol 😂😂 that's bad id_142,negative
Bohot hi ganda experience tha maza nahi aaya id_143,negative
Bilkul bekar service hai waste of money id_144,negative
Mood kharab kar diya tumne bilkul achha nahi laga id_145,negative
Aisa behave nahi karna chahiye tha worst behavior id_146,negative
Server itna slow kyu chal raha hai dimag kharab ho gaya id_147,negative
Fraud company h paise loot liye mere id_148,negative
Khatarnak ganda taste tha breaks my heart truly id_149,negative
Not good... 😒 id_150,negative
यह अच्छा नहीं है id_151,negative
lol 😂😂 that's bad id_152,negative
Bohot hi ganda experience tha maza nahi aaya id_153,negative
Bilkul bekar service hai waste of money id_154,negative
Mood kharab kar diya tumne bilkul achha nahi laga id_155,negative
Aisa behave nahi karna chahiye tha worst behavior id_156,negative
Server itna slow kyu chal raha hai dimag kharab ho gaya id_157,negative
Fraud company h paise loot liye mere id_158,negative
Khatarnak ganda taste tha breaks my heart truly id_159,negative
Not good... 😒 id_160,negative
यह अच्छा नहीं है id_161,negative
lol 😂😂 that's bad id_162,negative
Bohot hi ganda experience tha maza nahi aaya id_163,negative
Bilkul bekar service hai waste of money id_164,negative
Mood kharab kar diya tumne bilkul achha nahi laga id_165,negative
Aisa behave nahi karna chahiye tha worst behavior id_166,negative
Server itna slow kyu chal raha hai dimag kharab ho gaya id_167,negative
Fraud company h paise loot liye mere id_168,negative
Khatarnak ganda taste tha breaks my heart truly id_169,negative
Not good... 😒 id_170,negative
यह अच्छा नहीं है id_171,negative
lol 😂😂 that's bad id_172,negative
Bohot hi ganda experience tha maza nahi aaya id_173,negative
Bilkul bekar service hai waste of money id_174,negative
Mood kharab kar diya tumne bilkul achha nahi laga id_175,negative
Aisa behave nahi karna chahiye tha worst behavior id_176,negative
Server itna slow kyu chal raha hai dimag kharab ho gaya id_177,negative
Fraud company h paise loot liye mere id_178,negative
Khatarnak ganda taste tha breaks my heart truly id_179,negative
Not good... 😒 id_180,negative
यह अच्छा नहीं है id_181,negative
lol 😂😂 that's bad id_182,negative
Bohot hi ganda experience tha maza nahi aaya id_183,negative
Bilkul bekar service hai waste of money id_184,negative
Mood kharab kar diya tumne bilkul achha nahi laga id_185,negative
Aisa behave nahi karna chahiye tha worst behavior id_186,negative
Server itna slow kyu chal raha hai dimag kharab ho gaya id_187,negative
Fraud company h paise loot liye mere id_188,negative
Khatarnak ganda taste tha breaks my heart truly id_189,negative
Not good... 😒 id_190,negative
यह अच्छा नहीं है id_191,negative
lol 😂😂 that's bad id_192,negative
Bohot hi ganda experience tha maza nahi aaya id_193,negative
Bilkul bekar service hai waste of money id_194,negative
Mood kharab kar diya tumne bilkul achha nahi laga id_195,negative
Aisa behave nahi karna chahiye tha worst behavior id_196,negative
Server itna slow kyu chal raha hai dimag kharab ho gaya id_197,negative
Fraud company h paise loot liye mere id_198,negative
Khatarnak ganda taste tha breaks my heart truly id_199,negative
Not good... 😒 id_200,negative
यह अच्छा नहीं है id_201,negative
lol 😂😂 that's bad id_202,negative
Bohot hi ganda experience tha maza nahi aaya id_203,negative
Bilkul bekar service hai waste of money id_204,negative
Mood kharab kar diya tumne bilkul achha nahi laga id_205,negative
Aisa behave nahi karna chahiye tha worst behavior id_206,negative
Server itna slow kyu chal raha hai dimag kharab ho gaya id_207,negative
Fraud company h paise loot liye mere id_208,negative
Khatarnak ganda taste tha breaks my heart truly id_209,negative
Not good... 😒 id_210,negative
यह अच्छा नहीं है id_211,negative
lol 😂😂 that's bad id_212,negative
Bohot hi ganda experience tha maza nahi aaya id_213,negative
Bilkul bekar service hai waste of money id_214,negative
Mood kharab kar diya tumne bilkul achha nahi laga id_215,negative
Aisa behave nahi karna chahiye tha worst behavior id_216,negative
Server itna slow kyu chal raha hai dimag kharab ho gaya id_217,negative
Fraud company h paise loot liye mere id_218,negative
Khatarnak ganda taste tha breaks my heart truly id_219,negative
Not good... 😒 id_220,negative
यह अच्छा नहीं है id_221,negative
lol 😂😂 that's bad id_222,negative
Bohot hi ganda experience tha maza nahi aaya id_223,negative
Bilkul bekar service hai waste of money id_224,negative
Mood kharab kar diya tumne bilkul achha nahi laga id_225,negative
Aisa behave nahi karna chahiye tha worst behavior id_226,negative
Server itna slow kyu chal raha hai dimag kharab ho gaya id_227,negative
Fraud company h paise loot liye mere id_228,negative
Khatarnak ganda taste tha breaks my heart truly id_229,negative
Not good... 😒 id_230,negative
यह अच्छा नहीं है id_231,negative
lol 😂😂 that's bad id_232,negative
Bohot hi ganda experience tha maza nahi aaya id_233,negative
Bilkul bekar service hai waste of money id_234,negative
Mood kharab kar diya tumne bilkul achha nahi laga id_235,negative
Aisa behave nahi karna chahiye tha worst behavior id_236,negative
Server itna slow kyu chal raha hai dimag kharab ho gaya id_237,negative
Fraud company h paise loot liye mere id_238,negative
Khatarnak ganda taste tha breaks my heart truly id_239,negative
Not good... 😒 id_240,negative
यह अच्छा नहीं है id_241,negative
lol 😂😂 that's bad id_242,negative
Bohot hi ganda experience tha maza nahi aaya id_243,negative
Bilkul bekar service hai waste of money id_244,negative
Mood kharab kar diya tumne bilkul achha nahi laga id_245,negative
Aisa behave nahi karna chahiye tha worst behavior id_246,negative
Server itna slow kyu chal raha hai dimag kharab ho gaya id_247,negative
Fraud company h paise loot liye mere id_248,negative
Khatarnak ganda taste tha breaks my heart truly id_249,negative
Not good... 😒 id_250,negative
यह अच्छा नहीं है id_251,negative
lol 😂😂 that's bad id_252,negative
Bohot hi ganda experience tha maza nahi aaya id_253,negative
Bilkul bekar service hai waste of money id_254,negative
Mood kharab kar diya tumne bilkul achha nahi laga id_255,negative
Aisa behave nahi karna chahiye tha worst behavior id_256,negative
Server itna slow kyu chal raha hai dimag kharab ho gaya id_257,negative
Fraud company h paise loot liye mere id_258,negative
Khatarnak ganda taste tha breaks my heart truly id_259,negative
Not good... 😒 id_260,negative
यह अच्छा नहीं है id_261,negative
lol 😂😂 that's bad id_262,negative
Bohot hi ganda experience tha maza nahi aaya id_263,negative
Bilkul bekar service hai waste of money id_264,negative
Mood kharab kar diya tumne bilkul achha nahi laga id_265,negative
Aisa behave nahi karna chahiye tha worst behavior id_266,negative
Server itna slow kyu chal raha hai dimag kharab ho gaya id_267,negative
Fraud company h paise loot liye mere id_268,negative
Khatarnak ganda taste tha breaks my heart truly id_269,negative
Not good... 😒 id_270,negative
यह अच्छा नहीं है id_271,negative
lol 😂😂 that's bad id_272,negative
Bohot hi ganda experience tha maza nahi aaya id_273,negative
Bilkul bekar service hai waste of money id_274,negative
Mood kharab kar diya tumne bilkul achha nahi laga id_275,negative
Aisa behave nahi karna chahiye tha worst behavior id_276,negative
Server itna slow kyu chal raha hai dimag kharab ho gaya id_277,negative
Fraud company h paise loot liye mere id_278,negative
Khatarnak ganda taste tha breaks my heart truly id_279,negative
Not good... 😒 id_280,negative
यह अच्छा नहीं है id_281,negative
lol 😂😂 that's bad id_282,negative
Bohot hi ganda experience tha maza nahi aaya id_283,negative
Bilkul bekar service hai waste of money id_284,negative
Mood kharab kar diya tumne bilkul achha nahi laga id_285,negative
Aisa behave nahi karna chahiye tha worst behavior id_286,negative
Server itna slow kyu chal raha hai dimag kharab ho gaya id_287,negative
Fraud company h paise loot liye mere id_288,negative
Khatarnak ganda taste tha breaks my heart truly id_289,negative
Not good... 😒 id_290,negative
यह अच्छा नहीं है id_291,negative
lol 😂😂 that's bad id_292,negative
Bohot hi ganda experience tha maza nahi aaya id_293,negative
Bilkul bekar service hai waste of money id_294,negative
Mood kharab kar diya tumne bilkul achha nahi laga id_295,negative
Aisa behave nahi karna chahiye tha worst behavior id_296,negative
Server itna slow kyu chal raha hai dimag kharab ho gaya id_297,negative
Fraud company h paise loot liye mere id_298,negative
Khatarnak ganda taste tha breaks my heart truly id_299,negative
Not good... 😒 id_300,negative
यह अच्छा नहीं है id_301,negative
lol 😂😂 that's bad id_302,negative
Bohot hi ganda experience tha maza nahi aaya id_303,negative
Bilkul bekar service hai waste of money id_304,negative
Mood kharab kar diya tumne bilkul achha nahi laga id_305,negative
Aisa behave nahi karna chahiye tha worst behavior id_306,negative
Server itna slow kyu chal raha hai dimag kharab ho gaya id_307,negative
Fraud company h paise loot liye mere id_308,negative
Khatarnak ganda taste tha breaks my heart truly id_309,negative
Not good... 😒 id_310,negative
यह अच्छा नहीं है id_311,negative
lol 😂😂 that's bad id_312,negative
Bohot hi ganda experience tha maza nahi aaya id_313,negative
Bilkul bekar service hai waste of money id_314,negative
Mood kharab kar diya tumne bilkul achha nahi laga id_315,negative
Aisa behave nahi karna chahiye tha worst behavior id_316,negative
Server itna slow kyu chal raha hai dimag kharab ho gaya id_317,negative
Fraud company h paise loot liye mere id_318,negative
Khatarnak ganda taste tha breaks my heart truly id_319,negative
Not good... 😒 id_320,negative
यह अच्छा नहीं है id_321,negative
lol 😂😂 that's bad id_322,negative
Bohot hi ganda experience tha maza nahi aaya id_323,negative
Bilkul bekar service hai waste of money id_324,negative
Mood kharab kar diya tumne bilkul achha nahi laga id_325,negative
Aisa behave nahi karna chahiye tha worst behavior id_326,negative
Server itna slow kyu chal raha hai dimag kharab ho gaya id_327,negative
Fraud company h paise loot liye mere id_328,negative
Khatarnak ganda taste tha breaks my heart truly id_329,negative
Not good... 😒 id_330,negative
यह अच्छा नहीं है id_331,negative
lol 😂😂 that's bad id_332,negative
Bohot hi ganda experience tha maza nahi aaya id_333,negative
Bilkul bekar service hai waste of money id_334,negative
Mood kharab kar diya tumne bilkul achha nahi laga id_335,negative
Aisa behave nahi karna chahiye tha worst behavior id_336,negative
Server itna slow kyu chal raha hai dimag kharab ho gaya id_337,negative
Fraud company h paise loot liye mere id_338,negative
Khatarnak ganda taste tha breaks my heart truly id_339,negative
Not good... 😒 id_340,negative
यह अच्छा नहीं है id_341,negative
lol 😂😂 that's bad id_342,negative
Bohot hi ganda experience tha maza nahi aaya id_343,negative
Bilkul bekar service hai waste of money id_344,negative
Mood kharab kar diya tumne bilkul achha nahi laga id_345,negative
Aisa behave nahi karna chahiye tha worst behavior id_346,negative
Server itna slow kyu chal raha hai dimag kharab ho gaya id_347,negative
Fraud company h paise loot liye mere id_348,negative
Khatarnak ganda taste tha breaks my heart truly id_349,negative
Not good... 😒 id_350,negative
यह अच्छा नहीं है id_351,negative
lol 😂😂 that's bad id_352,negative
Bohot hi ganda experience tha maza nahi aaya id_353,negative
Bilkul bekar service hai waste of money id_354,negative
Mood kharab kar diya tumne bilkul achha nahi laga id_355,negative
Aisa behave nahi karna chahiye tha worst behavior id_356,negative
Server itna slow kyu chal raha hai dimag kharab ho gaya id_357,negative
Fraud company h paise loot liye mere id_358,negative
Khatarnak ganda taste tha breaks my heart truly id_359,negative
Not good... 😒 id_360,negative
यह अच्छा नहीं है id_361,negative
lol 😂😂 that's bad id_362,negative
Bohot hi ganda experience tha maza nahi aaya id_363,negative
Bilkul bekar service hai waste of money id_364,negative
Mood kharab kar diya tumne bilkul achha nahi laga id_365,negative
Aisa behave nahi karna chahiye tha worst behavior id_366,negative
Server itna slow kyu chal raha hai dimag kharab ho gaya id_367,negative
Fraud company h paise loot liye mere id_368,negative
Khatarnak ganda taste tha breaks my heart truly id_369,negative
Not good... 😒 id_370,negative
यह अच्छा नहीं है id_371,negative
lol 😂😂 that's bad id_372,negative
Bohot hi ganda experience tha maza nahi aaya id_373,negative
Bilkul bekar service hai waste of money id_374,negative
Mood kharab kar diya tumne bilkul achha nahi laga id_375,negative
Aisa behave nahi karna chahiye tha worst behavior id_376,negative
Server itna slow kyu chal raha hai dimag kharab ho gaya id_377,negative
Fraud company h paise loot liye mere id_378,negative
Khatarnak ganda taste tha breaks my heart truly id_379,negative
Not good... 😒 id_380,negative
यह अच्छा नहीं है id_381,negative
lol 😂😂 that's bad id_382,negative
Bohot hi ganda experience tha maza nahi aaya id_383,negative
Bilkul bekar service hai waste of money id_384,negative
Mood kharab kar diya tumne bilkul achha nahi laga id_385,negative
Aisa behave nahi karna chahiye tha worst behavior id_386,negative
Server itna slow kyu chal raha hai dimag kharab ho gaya id_387,negative
Fraud company h paise loot liye mere id_388,negative
Khatarnak ganda taste tha breaks my heart truly id_389,negative
Not good... 😒 id_390,negative
यह अच्छा नहीं है id_391,negative
lol 😂😂 that's bad id_392,negative
Bohot hi ganda experience tha maza nahi aaya id_393,negative
Bilkul bekar service hai waste of money id_394,negative
Mood kharab kar diya tumne bilkul achha nahi laga id_395,negative
Aisa behave nahi karna chahiye tha worst behavior id_396,negative
Server itna slow kyu chal raha hai dimag kharab ho gaya id_397,negative
Fraud company h paise loot liye mere id_398,negative
Khatarnak ganda taste tha breaks my heart truly id_399,negative
Not good... 😒 id_400,negative
यह अच्छा नहीं है id_401,negative
lol 😂😂 that's bad id_402,negative
Bohot hi ganda experience tha maza nahi aaya id_403,negative
Bilkul bekar service hai waste of money id_404,negative
Mood kharab kar diya tumne bilkul achha nahi laga id_405,negative
Aisa behave nahi karna chahiye tha worst behavior id_406,negative
Server itna slow kyu chal raha hai dimag kharab ho gaya id_407,negative
Fraud company h paise loot liye mere id_408,negative
Khatarnak ganda taste tha breaks my heart truly id_409,negative
Not good... 😒 id_410,negative
यह अच्छा नहीं है id_411,negative
lol 😂😂 that's bad id_412,negative
Bohot hi ganda experience tha maza nahi aaya id_413,negative
Bilkul bekar service hai waste of money id_414,negative
Mood kharab kar diya tumne bilkul achha nahi laga id_415,negative
Aisa behave nahi karna chahiye tha worst behavior id_416,negative
Server itna slow kyu chal raha hai dimag kharab ho gaya id_417,negative
Fraud company h paise loot liye mere id_418,negative
Khatarnak ganda taste tha breaks my heart truly id_419,negative
Not good... 😒 id_420,negative
यह अच्छा नहीं है id_421,negative
lol 😂😂 that's bad id_422,negative
Bohot hi ganda experience tha maza nahi aaya id_423,negative
Bilkul bekar service hai waste of money id_424,negative
Mood kharab kar diya tumne bilkul achha nahi laga id_425,negative
Aisa behave nahi karna chahiye tha worst behavior id_426,negative
Server itna slow kyu chal raha hai dimag kharab ho gaya id_427,negative
Fraud company h paise loot liye mere id_428,negative
Khatarnak ganda taste tha breaks my heart truly id_429,negative
Not good... 😒 id_430,negative
यह अच्छा नहीं है id_431,negative
lol 😂😂 that's bad id_432,negative
Bohot hi ganda experience tha maza nahi aaya id_433,negative
Bilkul bekar service hai waste of money id_434,negative
Mood kharab kar diya tumne bilkul achha nahi laga id_435,negative
Aisa behave nahi karna chahiye tha worst behavior id_436,negative
Server itna slow kyu chal raha hai dimag kharab ho gaya id_437,negative
Fraud company h paise loot liye mere id_438,negative
Khatarnak ganda taste tha breaks my heart truly id_439,negative
Not good... 😒 id_440,negative
यह अच्छा नहीं है id_441,negative
lol 😂😂 that's bad id_442,negative
Bohot hi ganda experience tha maza nahi aaya id_443,negative
Bilkul bekar service hai waste of money id_444,negative
Mood kharab kar diya tumne bilkul achha nahi laga id_445,negative
Aisa behave nahi karna chahiye tha worst behavior id_446,negative
Server itna slow kyu chal raha hai dimag kharab ho gaya id_447,negative
Fraud company h paise loot liye mere id_448,negative
Khatarnak ganda taste tha breaks my heart truly id_449,negative
Not good... 😒 id_450,negative
यह अच्छा नहीं है id_451,negative
lol 😂😂 that's bad id_452,negative
Bohot hi ganda experience tha maza nahi aaya id_453,negative
Bilkul bekar service hai waste of money id_454,negative
Mood kharab kar diya tumne bilkul achha nahi laga id_455,negative
Aisa behave nahi karna chahiye tha worst behavior id_456,negative
Server itna slow kyu chal raha hai dimag kharab ho gaya id_457,negative
Fraud company h paise loot liye mere id_458,negative
Khatarnak ganda taste tha breaks my heart truly id_459,negative
Not good... 😒 id_460,negative
यह अच्छा नहीं है id_461,negative
lol 😂😂 that's bad id_462,negative
Bohot hi ganda experience tha maza nahi aaya id_463,negative
Bilkul bekar service hai waste of money id_464,negative
Mood kharab kar diya tumne bilkul achha nahi laga id_465,negative
Aisa behave nahi karna chahiye tha worst behavior id_466,negative
Server itna slow kyu chal raha hai dimag kharab ho gaya id_467,negative
Fraud company h paise loot liye mere id_468,negative
Khatarnak ganda taste tha breaks my heart truly id_469,negative
Not good... 😒 id_470,negative
यह अच्छा नहीं है id_471,negative
lol 😂😂 that's bad id_472,negative
Bohot hi ganda experience tha maza nahi aaya id_473,negative
Bilkul bekar service hai waste of money id_474,negative
Mood kharab kar diya tumne bilkul achha nahi laga id_475,negative
Aisa behave nahi karna chahiye tha worst behavior id_476,negative
Server itna slow kyu chal raha hai dimag kharab ho gaya id_477,negative
Fraud company h paise loot liye mere id_478,negative
Khatarnak ganda taste tha breaks my heart truly id_479,negative
Not good... 😒 id_480,negative
यह अच्छा नहीं है id_481,negative
lol 😂😂 that's bad id_482,negative
Bohot hi ganda experience tha maza nahi aaya id_483,negative
Bilkul bekar service hai waste of money id_484,negative
Mood kharab kar diya tumne bilkul achha nahi laga id_485,negative
Aisa behave nahi karna chahiye tha worst behavior id_486,negative
Server itna slow kyu chal raha hai dimag kharab ho gaya id_487,negative
Fraud company h paise loot liye mere id_488,negative
Khatarnak ganda taste tha breaks my heart truly id_489,negative
Not good... 😒 id_490,negative
यह अच्छा नहीं है id_491,negative
lol 😂😂 that's bad id_492,negative
Bohot hi ganda experience tha maza nahi aaya id_493,negative
Bilkul bekar service hai waste of money id_494,negative
Mood kharab kar diya tumne bilkul achha nahi laga id_495,negative
Aisa behave nahi karna chahiye tha worst behavior id_496,negative
Server itna slow kyu chal raha hai dimag kharab ho gaya id_497,negative
Fraud company h paise loot liye mere id_498,negative
Khatarnak ganda taste tha breaks my heart truly id_499,negative
Normal chal raha hai sab kuch abhi id_0,neutral
Haan thik hai main kal batata hu id_1,neutral
Train 10 baje aane wali hai platform par id_2,neutral
Normal day nothing special just working id_3,neutral
Iska price kya hai bro bata do please id_4,neutral
Laptop automatic restart ho gaya ab chal raha h id_5,neutral
Meeting start hone wali hai ready raho sab id_6,neutral
Basic phone h par kaam chal jata h normal text k liye id_7,neutral
Normal chal raha hai sab kuch abhi id_8,neutral
Haan thik hai main kal batata hu id_9,neutral
Train 10 baje aane wali hai platform par id_10,neutral
Normal day nothing special just working id_11,neutral
Iska price kya hai bro bata do please id_12,neutral
Laptop automatic restart ho gaya ab chal raha h id_13,neutral
Meeting start hone wali hai ready raho sab id_14,neutral
Basic phone h par kaam chal jata h normal text k liye id_15,neutral
Normal chal raha hai sab kuch abhi id_16,neutral
Haan thik hai main kal batata hu id_17,neutral
Train 10 baje aane wali hai platform par id_18,neutral
Normal day nothing special just working id_19,neutral
Iska price kya hai bro bata do please id_20,neutral
Laptop automatic restart ho gaya ab chal raha h id_21,neutral
Meeting start hone wali hai ready raho sab id_22,neutral
Basic phone h par kaam chal jata h normal text k liye id_23,neutral
Normal chal raha hai sab kuch abhi id_24,neutral
Haan thik hai main kal batata hu id_25,neutral
Train 10 baje aane wali hai platform par id_26,neutral
Normal day nothing special just working id_27,neutral
Iska price kya hai bro bata do please id_28,neutral
Laptop automatic restart ho gaya ab chal raha h id_29,neutral
Meeting start hone wali hai ready raho sab id_30,neutral
Basic phone h par kaam chal jata h normal text k liye id_31,neutral
Normal chal raha hai sab kuch abhi id_32,neutral
Haan thik hai main kal batata hu id_33,neutral
Train 10 baje aane wali hai platform par id_34,neutral
Normal day nothing special just working id_35,neutral
Iska price kya hai bro bata do please id_36,neutral
Laptop automatic restart ho gaya ab chal raha h id_37,neutral
Meeting start hone wali hai ready raho sab id_38,neutral
Basic phone h par kaam chal jata h normal text k liye id_39,neutral
Normal chal raha hai sab kuch abhi id_40,neutral
Haan thik hai main kal batata hu id_41,neutral
Train 10 baje aane wali hai platform par id_42,neutral
Normal day nothing special just working id_43,neutral
Iska price kya hai bro bata do please id_44,neutral
Laptop automatic restart ho gaya ab chal raha h id_45,neutral
Meeting start hone wali hai ready raho sab id_46,neutral
Basic phone h par kaam chal jata h normal text k liye id_47,neutral
Normal chal raha hai sab kuch abhi id_48,neutral
Haan thik hai main kal batata hu id_49,neutral
Train 10 baje aane wali hai platform par id_50,neutral
Normal day nothing special just working id_51,neutral
Iska price kya hai bro bata do please id_52,neutral
Laptop automatic restart ho gaya ab chal raha h id_53,neutral
Meeting start hone wali hai ready raho sab id_54,neutral
Basic phone h par kaam chal jata h normal text k liye id_55,neutral
Normal chal raha hai sab kuch abhi id_56,neutral
Haan thik hai main kal batata hu id_57,neutral
Train 10 baje aane wali hai platform par id_58,neutral
Normal day nothing special just working id_59,neutral
Iska price kya hai bro bata do please id_60,neutral
Laptop automatic restart ho gaya ab chal raha h id_61,neutral
Meeting start hone wali hai ready raho sab id_62,neutral
Basic phone h par kaam chal jata h normal text k liye id_63,neutral
Normal chal raha hai sab kuch abhi id_64,neutral
Haan thik hai main kal batata hu id_65,neutral
Train 10 baje aane wali hai platform par id_66,neutral
Normal day nothing special just working id_67,neutral
Iska price kya hai bro bata do please id_68,neutral
Laptop automatic restart ho gaya ab chal raha h id_69,neutral
Meeting start hone wali hai ready raho sab id_70,neutral
Basic phone h par kaam chal jata h normal text k liye id_71,neutral
Normal chal raha hai sab kuch abhi id_72,neutral
Haan thik hai main kal batata hu id_73,neutral
Train 10 baje aane wali hai platform par id_74,neutral
Normal day nothing special just working id_75,neutral
Iska price kya hai bro bata do please id_76,neutral
Laptop automatic restart ho gaya ab chal raha h id_77,neutral
Meeting start hone wali hai ready raho sab id_78,neutral
Basic phone h par kaam chal jata h normal text k liye id_79,neutral
Normal chal raha hai sab kuch abhi id_80,neutral
Haan thik hai main kal batata hu id_81,neutral
Train 10 baje aane wali hai platform par id_82,neutral
Normal day nothing special just working id_83,neutral
Iska price kya hai bro bata do please id_84,neutral
Laptop automatic restart ho gaya ab chal raha h id_85,neutral
Meeting start hone wali hai ready raho sab id_86,neutral
Basic phone h par kaam chal jata h normal text k liye id_87,neutral
Normal chal raha hai sab kuch abhi id_88,neutral
Haan thik hai main kal batata hu id_89,neutral
Train 10 baje aane wali hai platform par id_90,neutral
Normal day nothing special just working id_91,neutral
Iska price kya hai bro bata do please id_92,neutral
Laptop automatic restart ho gaya ab chal raha h id_93,neutral
Meeting start hone wali hai ready raho sab id_94,neutral
Basic phone h par kaam chal jata h normal text k liye id_95,neutral
Normal chal raha hai sab kuch abhi id_96,neutral
Haan thik hai main kal batata hu id_97,neutral
Train 10 baje aane wali hai platform par id_98,neutral
Normal day nothing special just working id_99,neutral
Iska price kya hai bro bata do please id_100,neutral
Laptop automatic restart ho gaya ab chal raha h id_101,neutral
Meeting start hone wali hai ready raho sab id_102,neutral
Basic phone h par kaam chal jata h normal text k liye id_103,neutral
Normal chal raha hai sab kuch abhi id_104,neutral
Haan thik hai main kal batata hu id_105,neutral
Train 10 baje aane wali hai platform par id_106,neutral
Normal day nothing special just working id_107,neutral
Iska price kya hai bro bata do please id_108,neutral
Laptop automatic restart ho gaya ab chal raha h id_109,neutral
Meeting start hone wali hai ready raho sab id_110,neutral
Basic phone h par kaam chal jata h normal text k liye id_111,neutral
Normal chal raha hai sab kuch abhi id_112,neutral
Haan thik hai main kal batata hu id_113,neutral
Train 10 baje aane wali hai platform par id_114,neutral
Normal day nothing special just working id_115,neutral
Iska price kya hai bro bata do please id_116,neutral
Laptop automatic restart ho gaya ab chal raha h id_117,neutral
Meeting start hone wali hai ready raho sab id_118,neutral
Basic phone h par kaam chal jata h normal text k liye id_119,neutral
Normal chal raha hai sab kuch abhi id_120,neutral
Haan thik hai main kal batata hu id_121,neutral
Train 10 baje aane wali hai platform par id_122,neutral
Normal day nothing special just working id_123,neutral
Iska price kya hai bro bata do please id_124,neutral
Laptop automatic restart ho gaya ab chal raha h id_125,neutral
Meeting start hone wali hai ready raho sab id_126,neutral
Basic phone h par kaam chal jata h normal text k liye id_127,neutral
Normal chal raha hai sab kuch abhi id_128,neutral
Haan thik hai main kal batata hu id_129,neutral
Train 10 baje aane wali hai platform par id_130,neutral
Normal day nothing special just working id_131,neutral
Iska price kya hai bro bata do please id_132,neutral
Laptop automatic restart ho gaya ab chal raha h id_133,neutral
Meeting start hone wali hai ready raho sab id_134,neutral
Basic phone h par kaam chal jata h normal text k liye id_135,neutral
Normal chal raha hai sab kuch abhi id_136,neutral
Haan thik hai main kal batata hu id_137,neutral
Train 10 baje aane wali hai platform par id_138,neutral
Normal day nothing special just working id_139,neutral
Iska price kya hai bro bata do please id_140,neutral
Laptop automatic restart ho gaya ab chal raha h id_141,neutral
Meeting start hone wali hai ready raho sab id_142,neutral
Basic phone h par kaam chal jata h normal text k liye id_143,neutral
Normal chal raha hai sab kuch abhi id_144,neutral
Haan thik hai main kal batata hu id_145,neutral
Train 10 baje aane wali hai platform par id_146,neutral
Normal day nothing special just working id_147,neutral
Iska price kya hai bro bata do please id_148,neutral
Laptop automatic restart ho gaya ab chal raha h id_149,neutral
Meeting start hone wali hai ready raho sab id_150,neutral
Basic phone h par kaam chal jata h normal text k liye id_151,neutral
Normal chal raha hai sab kuch abhi id_152,neutral
Haan thik hai main kal batata hu id_153,neutral
Train 10 baje aane wali hai platform par id_154,neutral
Normal day nothing special just working id_155,neutral
Iska price kya hai bro bata do please id_156,neutral
Laptop automatic restart ho gaya ab chal raha h id_157,neutral
Meeting start hone wali hai ready raho sab id_158,neutral
Basic phone h par kaam chal jata h normal text k liye id_159,neutral
Normal chal raha hai sab kuch abhi id_160,neutral
Haan thik hai main kal batata hu id_161,neutral
Train 10 baje aane wali hai platform par id_162,neutral
Normal day nothing special just working id_163,neutral
Iska price kya hai bro bata do please id_164,neutral
Laptop automatic restart ho gaya ab chal raha h id_165,neutral
Meeting start hone wali hai ready raho sab id_166,neutral
Basic phone h par kaam chal jata h normal text k liye id_167,neutral
Normal chal raha hai sab kuch abhi id_168,neutral
Haan thik hai main kal batata hu id_169,neutral
Train 10 baje aane wali hai platform par id_170,neutral
Normal day nothing special just working id_171,neutral
Iska price kya hai bro bata do please id_172,neutral
Laptop automatic restart ho gaya ab chal raha h id_173,neutral
Meeting start hone wali hai ready raho sab id_174,neutral
Basic phone h par kaam chal jata h normal text k liye id_175,neutral
Normal chal raha hai sab kuch abhi id_176,neutral
Haan thik hai main kal batata hu id_177,neutral
Train 10 baje aane wali hai platform par id_178,neutral
Normal day nothing special just working id_179,neutral
Iska price kya hai bro bata do please id_180,neutral
Laptop automatic restart ho gaya ab chal raha h id_181,neutral
Meeting start hone wali hai ready raho sab id_182,neutral
Basic phone h par kaam chal jata h normal text k liye id_183,neutral
Normal chal raha hai sab kuch abhi id_184,neutral
Haan thik hai main kal batata hu id_185,neutral
Train 10 baje aane wali hai platform par id_186,neutral
Normal day nothing special just working id_187,neutral
Iska price kya hai bro bata do please id_188,neutral
Laptop automatic restart ho gaya ab chal raha h id_189,neutral
Meeting start hone wali hai ready raho sab id_190,neutral
Basic phone h par kaam chal jata h normal text k liye id_191,neutral
Normal chal raha hai sab kuch abhi id_192,neutral
Haan thik hai main kal batata hu id_193,neutral
Train 10 baje aane wali hai platform par id_194,neutral
Normal day nothing special just working id_195,neutral
Iska price kya hai bro bata do please id_196,neutral
Laptop automatic restart ho gaya ab chal raha h id_197,neutral
Meeting start hone wali hai ready raho sab id_198,neutral
Basic phone h par kaam chal jata h normal text k liye id_199,neutral
